damping_factor,page_A,page_B,page_C,page_D
0.5,0.3,0.2,0.3,0.2
0.7,0.3148148148148146,0.1851851851851851,0.3148148148148146,0.1851851851851851
0.85,0.32456140350877244,0.17543859649122834,0.32456140350877244,0.17543859649122834
0.9,0.3275862068965515,0.17241379310344815,0.3275862068965515,0.17241379310344815
0.95,0.33050847457627075,0.16949152542372858,0.33050847457627075,0.16949152542372858
